n_code,n_title,n_content,n_date,n_time,n_id,n_hit
N0043,플래더 이용규칙,공지사항의 내용입니다. Test text 43,2021-02-13,10:55:49,master,38
N0042,게시판 업데이트,공지사항의 내용입니다. Test text 42,2021-02-12,2:00:38,master,37
N0041,댓글 업데이트,공지사항의 내용입니다. Test text 41,2021-02-11,13:16:44,master,36
N0040,프로필 사진 업데이트,공지사항의 내용입니다. Test text 40,2021-02-10,2:56:18,master,35
N0039,마이페이지 업데이트,공지사항의 내용입니다. Test text 39,2021-02-09,22:04:35,master,34
N0038,로그아웃 오류 건에 대한 해결,공지사항의 내용입니다. Test text 38,2021-02-08,12:38:33,master,33
N0037,2021-07-06 오전 3시부터 업데이트 예정,공지사항의 내용입니다. Test text 37,2021-02-07,15:51:35,master,32
N0036,매거진 업데이트,공지사항의 내용입니다. Test text 36,2021-02-06,21:08:10,master,31
N0035,플래더 매거진과 함께할 작가님을 찾습니다,공지사항의 내용입니다. Test text 35,2021-02-05,11:28:02,master,30
N0034,공지사항 TEST1,공지사항의 내용입니다. Test text 34,2021-02-04,10:23:00,master,29
N0033,공지사항 TEST2,공지사항의 내용입니다. Test text 33,2021-02-03,12:38:05,master,28
N0032,공지사항 TEST3,공지사항의 내용입니다. Test text 32,2021-02-02,3:33:11,master,27
N0031,공지사항 TEST4,공지사항의 내용입니다. Test text 31,2021-02-01,16:34:46,master,26
N0030,공지사항 TEST5,공지사항의 내용입니다. Test text 30,2021-01-31,18:27:31,master,21
N0029,공지사항 TEST6,공지사항의 내용입니다. Test text 29,2021-01-30,3:22:00,master,32
N0028,공지사항 TEST7,공지사항의 내용입니다. Test text 28,2021-01-29,1:06:31,master,23
N0027,공지사항 TEST8,공지사항의 내용입니다. Test text 27,2021-01-28,12:38:06,master,16
N0026,공지사항 TEST9,공지사항의 내용입니다. Test text 26,2021-01-27,3:13:39,master,25
N0025,공지사항 TEST10,공지사항의 내용입니다. Test text 25,2021-01-26,7:24:34,master,29
N0024,공지사항 TEST11,공지사항의 내용입니다. Test text 24,2021-01-25,16:13:00,master,22
N0023,공지사항 TEST12,공지사항의 내용입니다. Test text 23,2021-01-24,9:46:44,master,28
N0022,공지사항 TEST13,공지사항의 내용입니다. Test text 22,2021-01-23,2:16:06,master,35
N0021,공지사항 TEST14,공지사항의 내용입니다. Test text 21,2021-01-22,15:52:39,master,13
N0020,공지사항 TEST15,공지사항의 내용입니다. Test text 20,2021-01-21,13:52:32,master,40
N0019,공지사항 TEST16,공지사항의 내용입니다. Test text 19,2021-01-20,9:42:04,master,20
N0018,공지사항 TEST17,공지사항의 내용입니다. Test text 18,2021-01-19,10:45:27,master,29
N0017,공지사항 TEST18,공지사항의 내용입니다. Test text 17,2021-01-18,8:10:36,master,39
N0016,공지사항 TEST19,공지사항의 내용입니다. Test text 16,2021-01-17,7:57:17,master,29
N0015,공지사항 TEST20,공지사항의 내용입니다. Test text 15,2021-01-16,18:49:44,master,22
N0014,공지사항 TEST21,공지사항의 내용입니다. Test text 14,2021-01-15,14:30:46,master,27
N0013,공지사항 TEST22,공지사항의 내용입니다. Test text 13,2021-01-14,10:55:49,master,33
N0012,공지사항 TEST23,공지사항의 내용입니다. Test text 12,2021-01-13,2:00:38,master,21
N0011,공지사항 TEST24,공지사항의 내용입니다. Test text 11,2021-01-12,13:16:44,master,32
N0010,공지사항 TEST25,공지사항의 내용입니다. Test text 10,2021-01-11,2:56:18,master,22
N0009,공지사항 TEST26,공지사항의 내용입니다. Test text 9,2021-01-10,22:04:35,master,16
N0008,공지사항 TEST27,공지사항의 내용입니다. Test text 8,2021-01-09,12:38:33,master,18
N0007,공지사항 TEST28,공지사항의 내용입니다. Test text 7,2021-01-08,15:51:35,master,39
N0006,공지사항 TEST29,공지사항의 내용입니다. Test text 6,2021-01-07,21:08:10,master,26
N0005,공지사항 TEST30,공지사항의 내용입니다. Test text 5,2021-01-06,11:28:02,master,16
N0004,공지사항 TEST31,공지사항의 내용입니다. Test text 4,2021-01-05,10:23:00,master,16
N0003,공지사항 TEST32,공지사항의 내용입니다. Test text 3,2021-01-04,12:38:05,master,28
N0002,공지사항 TEST33,공지사항의 내용입니다. Test text 2,2021-01-03,3:33:11,master,34
N0001,공지사항 TEST34,공지사항의 내용입니다. Test text 1,2021-01-02,16:34:46,master,29
